,Vote
0,Pinks
1,Khakis
2,Greens
3,Turquoises
4,Khakis
5,Reds
6,Turquoises
7,Khakis
8,Turquoises
9,Turquoises
10,Greens
11,Turquoises
12,Turquoises
13,Browns
14,Oranges
15,Turquoises
16,Reds
17,Khakis
18,Khakis
19,Turquoises
20,Khakis
21,Turquoises
22,Turquoises
23,Yellows
24,Whites
25,Khakis
26,Turquoises
27,Greens
28,Blues
29,Turquoises
30,Khakis
31,Khakis
32,Turquoises
33,Greens
34,Browns
35,Turquoises
36,Reds
37,Yellows
38,Greys
39,Turquoises
40,Browns
41,Browns
42,Khakis
43,Purples
44,Blues
45,Khakis
46,Greens
47,Greens
48,Greys
49,Greens
50,Whites
51,Browns
52,Turquoises
53,Pinks
54,Khakis
55,Reds
56,Turquoises
57,Purples
58,Browns
59,Blues
60,Browns
61,Browns
62,Turquoises
63,Browns
64,Reds
65,Whites
66,Turquoises
67,Violets
68,Browns
69,Turquoises
70,Turquoises
71,Whites
72,Turquoises
73,Browns
74,Browns
75,Turquoises
76,Reds
77,Khakis
78,Browns
79,Turquoises
80,Yellows
81,Greys
82,Greens
83,Browns
84,Browns
85,Oranges
86,Khakis
87,Pinks
88,Turquoises
89,Whites
90,Turquoises
91,Blues
92,Turquoises
93,Blues
94,Reds
95,Browns
96,Khakis
97,Turquoises
98,Browns
99,Turquoises
100,Browns
101,Browns
102,Browns
103,Browns
104,Pinks
105,Greys
106,Purples
107,Greens
108,Khakis
109,Browns
110,Reds
111,Turquoises
112,Violets
113,Browns
114,Browns
115,Whites
116,Turquoises
117,Whites
118,Khakis
119,Browns
120,Oranges
121,Greys
122,Turquoises
123,Turquoises
124,Oranges
125,Browns
126,Browns
127,Browns
128,Greys
129,Khakis
130,Browns
131,Blues
132,Blues
133,Purples
134,Browns
135,Whites
136,Greys
137,Khakis
138,Turquoises
139,Khakis
140,Browns
141,Turquoises
142,Oranges
143,Khakis
144,Yellows
145,Greens
146,Turquoises
147,Turquoises
148,Greens
149,Turquoises
150,Blues
151,Browns
152,Khakis
153,Turquoises
154,Turquoises
155,Greens
156,Yellows
157,Greens
158,Browns
159,Blues
160,Browns
161,Blues
162,Turquoises
163,Whites
164,Khakis
165,Yellows
166,Whites
167,Blues
168,Turquoises
169,Pinks
170,Browns
171,Browns
172,Reds
173,Blues
174,Turquoises
175,Turquoises
176,Purples
177,Browns
178,Greys
179,Whites
180,Blues
181,Whites
182,Browns
183,Turquoises
184,Turquoises
185,Violets
186,Turquoises
187,Blues
188,Khakis
189,Turquoises
190,Oranges
191,Turquoises
192,Turquoises
193,Oranges
194,Whites
195,Turquoises
196,Blues
197,Violets
198,Reds
199,Khakis
200,Browns
201,Blues
202,Whites
203,Browns
204,Turquoises
205,Khakis
206,Purples
207,Turquoises
208,Browns
209,Browns
210,Turquoises
211,Browns
212,Whites
213,Purples
214,Turquoises
215,Turquoises
216,Greens
217,Greys
218,Turquoises
219,Turquoises
220,Browns
221,Browns
222,Turquoises
223,Browns
224,Greys
225,Khakis
226,Turquoises
227,Turquoises
228,Turquoises
229,Browns
230,Browns
231,Reds
232,Yellows
233,Turquoises
234,Turquoises
235,Browns
236,Oranges
237,Oranges
238,Turquoises
239,Turquoises
240,Violets
241,Oranges
242,Browns
243,Greys
244,Turquoises
245,Turquoises
246,Browns
247,Khakis
248,Turquoises
249,Turquoises
250,Khakis
251,Turquoises
252,Browns
253,Turquoises
254,Turquoises
255,Reds
256,Blues
257,Oranges
258,Turquoises
259,Khakis
260,Browns
261,Whites
262,Pinks
263,Turquoises
264,Greens
265,Oranges
266,Blues
267,Browns
268,Blues
269,Turquoises
270,Khakis
271,Turquoises
272,Violets
273,Purples
274,Turquoises
275,Browns
276,Turquoises
277,Turquoises
278,Browns
279,Blues
280,Whites
281,Browns
282,Khakis
283,Whites
284,Greens
285,Browns
286,Khakis
287,Turquoises
288,Reds
289,Browns
290,Browns
291,Khakis
292,Browns
293,Turquoises
294,Turquoises
295,Pinks
296,Greys
297,Purples
298,Khakis
299,Turquoises
300,Pinks
301,Browns
302,Khakis
303,Turquoises
304,Turquoises
305,Greys
306,Whites
307,Whites
308,Turquoises
309,Greens
310,Turquoises
311,Browns
312,Yellows
313,Blues
314,Turquoises
315,Khakis
316,Yellows
317,Khakis
318,Turquoises
319,Turquoises
320,Greys
321,Khakis
322,Blues
323,Pinks
324,Greens
325,Turquoises
326,Turquoises
327,Khakis
328,Turquoises
329,Purples
330,Oranges
331,Turquoises
332,Blues
333,Pinks
334,Khakis
335,Browns
336,Browns
337,Violets
338,Turquoises
339,Browns
340,Browns
341,Whites
342,Turquoises
343,Yellows
344,Turquoises
345,Khakis
346,Khakis
347,Browns
348,Browns
349,Browns
350,Whites
351,Greys
352,Blues
353,Turquoises
354,Pinks
355,Turquoises
356,Purples
357,Pinks
358,Browns
359,Browns
360,Pinks
361,Browns
362,Browns
363,Browns
364,Browns
365,Purples
366,Oranges
367,Khakis
368,Khakis
369,Turquoises
370,Reds
371,Turquoises
372,Violets
373,Browns
374,Turquoises
375,Pinks
376,Reds
377,Greys
378,Browns
379,Khakis
380,Turquoises
381,Blues
382,Browns
383,Greens
384,Khakis
385,Browns
386,Greens
387,Yellows
388,Browns
389,Blues
390,Khakis
391,Browns
392,Turquoises
393,Turquoises
394,Blues
395,Turquoises
396,Greys
397,Khakis
398,Greens
399,Browns
400,Browns
401,Khakis
402,Greys
403,Browns
404,Greens
405,Turquoises
406,Turquoises
407,Khakis
408,Pinks
409,Greys
410,Browns
411,Reds
412,Browns
413,Yellows
414,Turquoises
415,Turquoises
416,Greys
417,Yellows
418,Browns
419,Turquoises
420,Blues
421,Reds
422,Browns
423,Greens
424,Reds
425,Greens
426,Turquoises
427,Oranges
428,Khakis
429,Browns
430,Khakis
431,Reds
432,Oranges
433,Oranges
434,Turquoises
435,Oranges
436,Turquoises
437,Browns
438,Khakis
439,Browns
440,Blues
441,Pinks
442,Whites
443,Whites
444,Blues
445,Browns
446,Khakis
447,Browns
448,Browns
449,Blues
450,Turquoises
451,Blues
452,Greens
453,Browns
454,Khakis
455,Browns
456,Purples
457,Turquoises
458,Turquoises
459,Browns
460,Greens
461,Turquoises
462,Turquoises
463,Yellows
464,Browns
465,Reds
466,Khakis
467,Turquoises
468,Khakis
469,Whites
470,Khakis
471,Oranges
472,Turquoises
473,Reds
474,Browns
475,Browns
476,Purples
477,Turquoises
478,Khakis
479,Turquoises
480,Whites
481,Turquoises
482,Reds
483,Greens
484,Browns
485,Khakis
486,Yellows
487,Turquoises
488,Turquoises
489,Greens
490,Greens
491,Yellows
492,Turquoises
493,Turquoises
494,Turquoises
495,Khakis
496,Khakis
497,Reds
498,Whites
499,Reds
500,Browns
501,Khakis
502,Khakis
503,Browns
504,Khakis
505,Blues
506,Purples
507,Blues
508,Blues
509,Greys
510,Violets
511,Browns
512,Browns
513,Yellows
514,Turquoises
515,Khakis
516,Browns
517,Turquoises
518,Browns
519,Khakis
520,Reds
521,Yellows
522,Browns
523,Turquoises
524,Browns
525,Purples
526,Oranges
527,Turquoises
528,Browns
529,Pinks
530,Browns
531,Blues
532,Browns
533,Browns
534,Reds
535,Turquoises
536,Khakis
537,Khakis
538,Blues
539,Oranges
540,Yellows
541,Greys
542,Turquoises
543,Greys
544,Yellows
545,Khakis
546,Oranges
547,Oranges
548,Greens
549,Browns
550,Khakis
551,Browns
552,Reds
553,Turquoises
554,Browns
555,Greys
556,Greys
557,Purples
558,Blues
559,Reds
560,Browns
561,Browns
562,Reds
563,Pinks
564,Yellows
565,Turquoises
566,Turquoises
567,Reds
568,Browns
569,Greys
570,Greens
571,Khakis
572,Reds
573,Blues
574,Oranges
575,Khakis
576,Browns
577,Violets
578,Greens
579,Whites
580,Yellows
581,Turquoises
582,Yellows
583,Oranges
584,Turquoises
585,Greys
586,Browns
587,Turquoises
588,Turquoises
589,Reds
590,Browns
591,Reds
592,Browns
593,Khakis
594,Turquoises
595,Turquoises
596,Khakis
597,Whites
598,Turquoises
599,Greys
600,Khakis
601,Purples
602,Pinks
603,Khakis
604,Yellows
605,Whites
606,Khakis
607,Khakis
608,Browns
609,Pinks
610,Greens
611,Greens
612,Turquoises
613,Khakis
614,Reds
615,Reds
616,Browns
617,Turquoises
618,Yellows
619,Browns
620,Browns
621,Purples
622,Browns
623,Turquoises
624,Yellows
625,Browns
626,Violets
627,Khakis
628,Pinks
629,Greens
630,Greens
631,Greys
632,Browns
633,Violets
634,Khakis
635,Whites
636,Turquoises
637,Browns
638,Oranges
639,Khakis
640,Whites
641,Browns
642,Purples
643,Turquoises
644,Browns
645,Purples
646,Khakis
647,Pinks
648,Browns
649,Turquoises
650,Whites
651,Blues
652,Khakis
653,Browns
654,Khakis
655,Reds
656,Greens
657,Greens
658,Turquoises
659,Khakis
660,Oranges
661,Reds
662,Browns
663,Purples
664,Pinks
665,Turquoises
666,Khakis
667,Greens
668,Turquoises
669,Blues
670,Greens
671,Yellows
672,Turquoises
673,Khakis
674,Browns
675,Turquoises
676,Turquoises
677,Oranges
678,Browns
679,Turquoises
680,Greys
681,Turquoises
682,Yellows
683,Purples
684,Yellows
685,Turquoises
686,Khakis
687,Oranges
688,Blues
689,Browns
690,Turquoises
691,Violets
692,Oranges
693,Blues
694,Reds
695,Oranges
696,Turquoises
697,Pinks
698,Greens
699,Khakis
700,Turquoises
701,Purples
702,Greys
703,Oranges
704,Turquoises
705,Browns
706,Khakis
707,Browns
708,Violets
709,Turquoises
710,Reds
711,Blues
712,Whites
713,Browns
714,Browns
715,Pinks
716,Pinks
717,Turquoises
718,Pinks
719,Greys
720,Oranges
721,Khakis
722,Browns
723,Turquoises
724,Reds
725,Khakis
726,Blues
727,Browns
728,Browns
729,Browns
730,Blues
731,Yellows
732,Turquoises
733,Violets
734,Yellows
735,Oranges
736,Khakis
737,Yellows
738,Greys
739,Reds
740,Greens
741,Browns
742,Browns
743,Greens
744,Blues
745,Reds
746,Greys
747,Turquoises
748,Oranges
749,Browns
750,Turquoises
751,Browns
752,Browns
753,Khakis
754,Browns
755,Turquoises
756,Browns
757,Browns
758,Browns
759,Greys
760,Turquoises
761,Purples
762,Browns
763,Browns
764,Browns
765,Browns
766,Browns
767,Yellows
768,Browns
769,Browns
770,Turquoises
771,Turquoises
772,Browns
773,Turquoises
774,Turquoises
775,Browns
776,Browns
777,Greens
778,Browns
779,Khakis
780,Purples
781,Turquoises
782,Turquoises
783,Browns
784,Pinks
785,Greens
786,Khakis
787,Greys
788,Turquoises
789,Blues
790,Greys
791,Oranges
792,Whites
793,Khakis
794,Turquoises
795,Yellows
796,Browns
797,Browns
798,Turquoises
799,Turquoises
800,Turquoises
801,Purples
802,Browns
803,Pinks
804,Yellows
805,Turquoises
806,Browns
807,Greens
808,Turquoises
809,Turquoises
810,Yellows
811,Khakis
812,Turquoises
813,Browns
814,Browns
815,Whites
816,Turquoises
817,Greys
818,Turquoises
819,Pinks
820,Turquoises
821,Greys
822,Turquoises
823,Reds
824,Turquoises
825,Oranges
826,Browns
827,Greens
828,Turquoises
829,Greens
830,Browns
831,Khakis
832,Turquoises
833,Turquoises
834,Turquoises
835,Pinks
836,Purples
837,Purples
838,Turquoises
839,Blues
840,Pinks
841,Yellows
842,Reds
843,Turquoises
844,Whites
845,Browns
846,Browns
847,Purples
848,Browns
849,Greys
850,Browns
851,Turquoises
852,Pinks
853,Turquoises
854,Pinks
855,Khakis
856,Turquoises
857,Browns
858,Yellows
859,Khakis
860,Browns
861,Yellows
862,Blues
863,Browns
864,Greys
865,Oranges
866,Greens
867,Browns
868,Reds
869,Turquoises
870,Violets
871,Reds
872,Greys
873,Purples
874,Greys
875,Turquoises
876,Greens
877,Reds
878,Greens
879,Pinks
880,Yellows
881,Khakis
882,Pinks
883,Reds
884,Purples
885,Reds
886,Turquoises
887,Reds
888,Turquoises
889,Blues
890,Khakis
891,Pinks
892,Turquoises
893,Whites
894,Turquoises
895,Greens
896,Turquoises
897,Whites
898,Blues
899,Greens
900,Turquoises
901,Turquoises
902,Reds
903,Browns
904,Turquoises
905,Pinks
906,Browns
907,Turquoises
908,Turquoises
909,Khakis
910,Turquoises
911,Blues
912,Browns
913,Blues
914,Khakis
915,Khakis
916,Blues
917,Browns
918,Greens
919,Blues
920,Purples
921,Oranges
922,Greys
923,Browns
924,Purples
925,Turquoises
926,Browns
927,Turquoises
928,Turquoises
929,Greys
930,Turquoises
931,Browns
932,Blues
933,Khakis
934,Turquoises
935,Greens
936,Browns
937,Reds
938,Reds
939,Turquoises
940,Reds
941,Browns
942,Turquoises
943,Yellows
944,Purples
945,Greens
946,Pinks
947,Blues
948,Yellows
949,Turquoises
950,Browns
951,Khakis
952,Khakis
953,Blues
954,Turquoises
955,Browns
956,Browns
957,Pinks
958,Greens
959,Whites
960,Oranges
961,Browns
962,Browns
963,Whites
964,Browns
965,Khakis
966,Khakis
967,Greens
968,Browns
969,Turquoises
970,Turquoises
971,Turquoises
972,Browns
973,Turquoises
974,Browns
975,Turquoises
976,Khakis
977,Turquoises
978,Browns
979,Turquoises
980,Khakis
981,Browns
982,Browns
983,Turquoises
984,Turquoises
985,Turquoises
986,Khakis
987,Purples
988,Turquoises
989,Turquoises
990,Turquoises
991,Browns
992,Browns
993,Greys
994,Yellows
995,Turquoises
996,Greens
997,Khakis
998,Yellows
999,Purples
